<?xml version="1.0" encoding="UTF-8"?>
<sip>
  <metadata>
    <id>12345</id>
    <titulo>Minha Foto de Viagem</titulo>
    <descricao>Foto tirada durante uma viagem ao Porto em 2025</descricao>
    <tipo>foto</tipo>
    <dataCriacao>2025-04-01T10:00:00Z</dataCriacao>
    <produtor>johndoe</produtor>
    <publico>true</publico>
    <classificadores>viagem,porto,fotografia</classificadores>
  </metadata>
  <files>
    <file>
      <path>porto.JPG</path>
    </file>
  </files>
</sip>